prediction,test
5.558476574197553,5.509388446807861
5.362652240444827,5.351858139038086
5.242095781578844,4.8978400230407715
5.0757360856134905,4.804020881652832
